-- Adminer 4.8.1 PostgreSQL 16.1 (Debian 16.1-1.pgdg120+1) dump

INSERT INTO "groupement" ("id", "nom", "type_id", "adresse", "ville") VALUES
('3444bdd2-8783-3aed-9a5e-4d298d2a2d7c',	'Bigot',	1,	'63, rue de Mercier',	'Paris'),
('372c1de7-4d31-3d01-9c92-77e69467d4e3',	'Toussaint Marechal SAS',	1,	'290, rue Rossi',	'Joubert'),
('255ecef6-14b9-3b5c-a40e-901665f4ed28',	'Pichon S.A.',	1,	'93, impasse Alain Baron',	'Diaz-sur-Boulanger'),
('80756589-93f3-3ab7-92dd-377dbea5ea4d',	'Parent SARL',	1,	'4, impasse de Denis',	'Lucas'),
('5f7d3d80-3c4b-386a-a23e-74de4a1e0b19',	'Goncalves Louis SARL',	1,	'35, impasse Lebon',	'Carre-sur-Turpin'),
('c302d11b-d5b8-310a-bbc5-9dd4400eb2c9',	'Antoine',	2,	'97, avenue Raymond Gerard',	'Moreno'),
('b636c1fd-c61c-306b-9d4f-25cf3bfd9f66',	'Barbe',	2,	'23, avenue Mercier',	'Lefevre'),
('7db214d9-f415-3110-991b-ec5f9774b685',	'Marin',	2,	'96, rue Louis',	'Bourdon-les-Bains'),
('a51a0543-ee80-3515-81ab-2504ec194c09',	'Lombard',	3,	'17, chemin de Bazin',	'Paris-la-Forêt'),
('fe6e7644-9e58-3b57-9734-f201766d4d75',	'Diallo SAS',	3,	'53, rue Toussaint',	'Bouchet'),
('9117850b-3116-3d4f-b346-1dfc23c26787',	'Vaillant S.A.S.',	3,	'68, avenue Élise Dupre',	'LemonnierBourg'),
('bee7989a-c204-3cf7-bbfc-42a9ce8456ea',	'Martineau',	3,	'31, boulevard Éric Pierre',	'Royer'),
('55ee31cb-9fb6-3513-b209-e2804d02c11e',	'Fischer',	3,	'83, place de Lefort',	'Ruiz');

INSERT INTO "personnel" ("id", "nom", "prenom", "mail", "telephone", "groupe_id") VALUES
('a7683bcd-30b1-3455-93a8-db072ab97b27',	'Joubert',	'Michèle',	'Michle.Joubert@dbmail.com',	'0158189514',	'3444bdd2-8783-3aed-9a5e-4d298d2a2d7c'),
('475e2bef-afe8-3eb1-8b70-bccb6000cbcd',	'Delaunay',	'Dominique',	'Dominique.Delaunay@wanadoo.fr',	'+33 9 26 07 04 72',	'3444bdd2-8783-3aed-9a5e-4d298d2a2d7c'),
('1738d920-4d0b-38a3-9108-1edae406e5a6',	'Boucher',	'Jean',	'Jean.Boucher@free.fr',	'0895587519',	'372c1de7-4d31-3d01-9c92-77e69467d4e3'),
('59e37ba0-f491-3a7d-9360-1ec7d1410c74',	'Dubois',	'Olivier',	'Olivier.Dubois@wanadoo.fr',	'07 96 98 25 78',	'255ecef6-14b9-3b5c-a40e-901665f4ed28'),
('c87526f4-464d-3086-86f3-61436cc33f4c',	'Guilbert',	'Édith',	'dith.Guilbert@hotmail.fr',	'+33 (0)3 83 98 66 51',	'80756589-93f3-3ab7-92dd-377dbea5ea4d'),
('056bd724-a3ac-309f-9d05-03dd298dc530',	'Normand',	'Théophile',	'Thophile.Normand@noos.fr',	'06 97 20 54 55',	'80756589-93f3-3ab7-92dd-377dbea5ea4d'),
('240a1331-06cf-3e77-8b7e-bf0d2f9f874a',	'Guyon',	'Timothée',	'Timothe.Guyon@free.fr',	'+33 8 11 74 87 40',	'80756589-93f3-3ab7-92dd-377dbea5ea4d'),
('4fd0d68d-195a-30ad-a5b6-148a663a56ed',	'Julien',	'Grégoire',	'Grgoire.Julien@hotmail.fr',	'01 78 87 87 84',	'5f7d3d80-3c4b-386a-a23e-74de4a1e0b19'),
('5de41221-6098-3895-90c3-17152d523204',	'Payet',	'Capucine',	'Capucine.Payet@orange.fr',	'+33 2 13 87 68 30',	'5f7d3d80-3c4b-386a-a23e-74de4a1e0b19'),
('2905a6b3-937b-3332-b02f-f0a298f70374',	'Auger',	'Marguerite',	'Marguerite.Auger@laposte.net',	'+33 2 59 70 11 81',	'c302d11b-d5b8-310a-bbc5-9dd4400eb2c9'),
('14b52ece-d0bf-3162-979b-f356f3833605',	'Gay',	'Guy',	'Guy.Gay@gmail.com',	'+33 4 45 28 11 75',	'c302d11b-d5b8-310a-bbc5-9dd4400eb2c9'),
('fd2acfa0-b429-3449-822b-6a6733465a16',	'Parent',	'Honoré',	'Honor.Parent@tele2.fr',	'0808625348',	'c302d11b-d5b8-310a-bbc5-9dd4400eb2c9'),
('325aac63-9c6f-3d08-983c-67edd0361500',	'Joseph',	'Jules',	'Jules.Joseph@live.com',	'+33 (0)5 31 44 52 52',	'c302d11b-d5b8-310a-bbc5-9dd4400eb2c9'),
('72a80ee4-aad1-3189-bb58-dfa638ff2af3',	'Adam',	'Auguste',	'Auguste.Adam@yahoo.fr',	'+33 9 25 37 42 02',	'b636c1fd-c61c-306b-9d4f-25cf3bfd9f66'),
('b9bedd1c-f8a8-3c65-b9ad-850b551cbecf',	'Le Gall',	'Denise',	'Denise.LeGall@wanadoo.fr',	'04 48 54 51 31',	'7db214d9-f415-3110-991b-ec5f9774b685'),
('8fb66ad8-992b-3e5c-a98f-47eba3b7a62a',	'Letellier',	'Anne',	'Anne.Letellier@free.fr',	'0549905440',	'a51a0543-ee80-3515-81ab-2504ec194c09'),
('0e6d3926-be87-332c-94e0-cca0bdcfa3d6',	'Perret',	'Madeleine',	'Madeleine.Perret@gmail.com',	'0933106983',	'a51a0543-ee80-3515-81ab-2504ec194c09'),
('57a31547-2e5a-3ab8-bf3e-97e5ecba6c88',	'Vaillant',	'Alphonse',	'Alphonse.Vaillant@hotmail.fr',	'+33 (0)8 99 50 21 82',	'a51a0543-ee80-3515-81ab-2504ec194c09'),
('a027a4d8-bf57-30d9-afd2-79bcfda90de2',	'Masson',	'Augustin',	'Augustin.Masson@laposte.net',	'0455003959',	'fe6e7644-9e58-3b57-9734-f201766d4d75'),
('ec62b359-705d-3717-82f3-561b2a4dda4d',	'Mendes',	'Théodore',	'Thodore.Mendes@dbmail.com',	'+33 1 90 35 31 25',	'fe6e7644-9e58-3b57-9734-f201766d4d75'),
('ec79ebae-3041-3182-9ac7-676fac0a6419',	'Seguin',	'Roger',	'Roger.Seguin@sfr.fr',	'+33 (0)8 95 55 77 02',	'fe6e7644-9e58-3b57-9734-f201766d4d75'),
('e2b0ec67-79ed-3e0c-b73c-b43e615b0b8d',	'Gosselin',	'Maryse',	'Maryse.Gosselin@gmail.com',	'0808487843',	'9117850b-3116-3d4f-b346-1dfc23c26787'),
('712eb55d-7b17-3a6e-8c50-44b6bc37959c',	'Launay',	'Luc',	'Luc.Launay@noos.fr',	'+33 5 85 26 58 79',	'9117850b-3116-3d4f-b346-1dfc23c26787'),
('ade0a833-70b4-36f2-b938-22857e7da4c7',	'Bouvet',	'Constance',	'Constance.Bouvet@laposte.net',	'+33 (0)4 92 53 63 01',	'bee7989a-c204-3cf7-bbfc-42a9ce8456ea'),
('024e14c7-2f6b-3566-87e9-84f01d252bb1',	'Bousquet',	'Paulette',	'Paulette.Bousquet@laposte.net',	'0585162734',	'bee7989a-c204-3cf7-bbfc-42a9ce8456ea'),
('fda644e6-62ed-3971-b5a7-44146b808a82',	'Collin',	'Zacharie',	'Zacharie.Collin@noos.fr',	'01 24 12 80 73',	'bee7989a-c204-3cf7-bbfc-42a9ce8456ea'),
('75d3e34b-e9a6-3494-bf39-d3e45f6c3653',	'Renaud',	'Marcel',	'Marcel.Renaud@dbmail.com',	'+33 7 40 35 32 48',	'bee7989a-c204-3cf7-bbfc-42a9ce8456ea'),
('ffc24e94-8981-3ed9-8019-fa8bd2e16001',	'Vincent',	'Isaac',	'Isaac.Vincent@dbmail.com',	'+33 8 04 19 03 86',	'55ee31cb-9fb6-3513-b209-e2804d02c11e');

INSERT INTO "praticien" ("id", "nom", "prenom", "ville", "email", "telephone", "specialite_id", "groupe_id") VALUES
('af7bb2f1-cc52-3388-b9bc-c0b89e7f4c5b',	'Paul',	'Marine',	'Paris',	'Marine.Paul@hotmail.fr',	'02 36 11 25 88',	1,	'3444bdd2-8783-3aed-9a5e-4d298d2a2d7c'),
('b994a36f-794f-3ddc-b267-99673661466d',	'Guichard',	'Laurence',	'Paris',	'Laurence.Guichard@club-internet.fr',	'+33 8 99 14 03 98',	1,	'3444bdd2-8783-3aed-9a5e-4d298d2a2d7c'),
('8236bcbf-4c06-3d0e-8ab0-c4964e02c4ea',	'Pichon',	'Arnaude',	'Paris',	'Arnaude.Pichon@yahoo.fr',	'06 61 50 63 81',	4,	'3444bdd2-8783-3aed-9a5e-4d298d2a2d7c'),
('8ae1400f-d46d-3b50-b356-269f776be532',	'Klein',	'Gabrielle',	'Paris',	'Gabrielle.Klein@live.com',	'+33 (0)3 90 27 98 80',	1,	'3444bdd2-8783-3aed-9a5e-4d298d2a2d7c'),
('085c44e7-6245-3b10-9c1a-92f09524ef2a',	'Gallet',	'Valérie',	'Paris',	'Valrie.Gallet@dbmail.com',	'+33 (0)9 29 33 51 05',	2,	'3444bdd2-8783-3aed-9a5e-4d298d2a2d7c'),
('dada1285-f235-3ad2-bd7d-f58d68c30a73',	'Goncalves',	'Noël',	'Paris',	'Nol.Goncalves@free.fr',	'+33 5 82 74 18 66',	2,	'3444bdd2-8783-3aed-9a5e-4d298d2a2d7c'),
('51c6c5a5-0815-3ff1-b0e4-ac216319e526',	'Besson',	'Aurélie',	'Joubert',	'Aurlie.Besson@gmail.com',	'+33 (0)3 76 13 23 05',	3,	'372c1de7-4d31-3d01-9c92-77e69467d4e3'),
('592692c8-4a8c-3f91-967b-fde67ebea54d',	'Costa',	'Marc',	'Joubert',	'Marc.Costa@wanadoo.fr',	'+33 1 42 89 11 30',	3,	'372c1de7-4d31-3d01-9c92-77e69467d4e3'),
('0768e78b-12c8-3694-b89b-d0a7451a8fb1',	'Descamps',	'Alexandria',	'Joubert',	'Alexandria.Descamps@club-internet.fr',	'+33 (0)1 75 74 98 33',	4,	'372c1de7-4d31-3d01-9c92-77e69467d4e3'),
('f9bd589a-99ef-39f7-9984-af26e95c7150',	'Roger',	'Philippine',	'Diaz-sur-Boulanger',	'Philippine.Roger@hotmail.fr',	'0815977032',	5,	'255ecef6-14b9-3b5c-a40e-901665f4ed28'),
('bdd2672d-f4e6-3fd1-88db-d27e97b4d1e0',	'Martel',	'Denise',	'Diaz-sur-Boulanger',	'Denise.Martel@tele2.fr',	'+33 1 57 80 28 75',	2,	'255ecef6-14b9-3b5c-a40e-901665f4ed28'),
('7c76c93d-1b70-35eb-96d5-34c2d9d741c4',	'Marchand',	'Suzanne',	'Diaz-sur-Boulanger',	'Suzanne.Marchand@sfr.fr',	'+33 (0)2 83 66 69 68',	4,	'255ecef6-14b9-3b5c-a40e-901665f4ed28'),
('656c9034-bf19-33a0-beec-9a959ee83cd7',	'Parent',	'Tristan',	'Lucas',	'Tristan.Parent@laposte.net',	'+33 (0)2 81 93 20 11',	5,	'80756589-93f3-3ab7-92dd-377dbea5ea4d'),
('2ae94f01-8332-3c16-bf4c-eb1d64929253',	'Joly',	'Patricia',	'Lucas',	'Patricia.Joly@gmail.com',	'+33 4 24 93 22 37',	5,	'80756589-93f3-3ab7-92dd-377dbea5ea4d'),
('68202db3-920d-35dc-b547-e52c53ec5885',	'Meunier',	'Michelle',	'Lucas',	'Michelle.Meunier@noos.fr',	'08 97 18 92 13',	1,	'80756589-93f3-3ab7-92dd-377dbea5ea4d'),
('3eeec083-d6fe-3cf7-b0da-e2b09a261db9',	'Barbier',	'Claude',	'Carre-sur-Turpin',	'Claude.Barbier@wanadoo.fr',	'+33 (0)7 69 71 23 39',	1,	'5f7d3d80-3c4b-386a-a23e-74de4a1e0b19'),
('529fa71e-5a6c-3360-9579-81abc41e865f',	'Aubert',	'Louis',	'Carre-sur-Turpin',	'Louis.Aubert@free.fr',	'+33 7 68 13 29 54',	3,	'5f7d3d80-3c4b-386a-a23e-74de4a1e0b19'),
('e6f97aad-b672-3407-92ac-54b26d95d628',	'Berger',	'Olivie',	'Carre-sur-Turpin',	'Olivie.Berger@sfr.fr',	'0421147513',	4,	'5f7d3d80-3c4b-386a-a23e-74de4a1e0b19'),
('05644ac0-c4cb-36bf-a0cf-409075eb20c4',	'Leduc',	'Aimée',	'Carre-sur-Turpin',	'Aime.Leduc@laposte.net',	'+33 (0)4 85 19 99 00',	4,	'5f7d3d80-3c4b-386a-a23e-74de4a1e0b19'),
('c7c71a7a-d6e1-3aa3-8aa8-987cbef516b0',	'Mendes',	'Jean',	'Carre-sur-Turpin',	'Jean.Mendes@wanadoo.fr',	'0220429087',	1,	'5f7d3d80-3c4b-386a-a23e-74de4a1e0b19'),
('d7e254f4-7e01-395a-b668-6f86e3444906',	'Legros',	'Louis',	'Carre-sur-Turpin',	'Louis.Legros@club-internet.fr',	'02 23 75 20 59',	5,	'5f7d3d80-3c4b-386a-a23e-74de4a1e0b19'),
('41ac1467-4874-3e88-a636-444eae7dc457',	'Blanc',	'Rémy',	'Carre-sur-Turpin',	'Rmy.Blanc@sfr.fr',	'+33 (0)6 34 60 92 42',	5,	'5f7d3d80-3c4b-386a-a23e-74de4a1e0b19'),
('15d3e128-b47c-3030-a1c8-cfb09942054a',	'Pascal',	'Gilles',	'Carre-sur-Turpin',	'Gilles.Pascal@sfr.fr',	'08 12 96 04 73',	5,	'5f7d3d80-3c4b-386a-a23e-74de4a1e0b19'),
('9b4aa9d2-fb6a-3e07-9b5a-a792ffb4b3f3',	'Huet',	'Jacqueline',	'Carre-sur-Turpin',	'Jacqueline.Huet@tele2.fr',	'01 58 91 85 40',	1,	'5f7d3d80-3c4b-386a-a23e-74de4a1e0b19'),
('905735e4-bd41-3991-8462-0b21a962ecc9',	'Seguin',	'Audrey',	'Moreno',	'Audrey.Seguin@laposte.net',	'0184365032',	2,	'c302d11b-d5b8-310a-bbc5-9dd4400eb2c9'),
('03f24d7b-efda-3fbe-ae53-0c0c0edef089',	'Grenier',	'Josette',	'Moreno',	'Josette.Grenier@wanadoo.fr',	'06 43 92 58 43',	2,	'c302d11b-d5b8-310a-bbc5-9dd4400eb2c9'),
('8b34ba8b-5775-31a9-9ca6-1cf955c9ab84',	'Le Roux',	'Bernadette',	'Moreno',	'Bernadette.LeRoux@laposte.net',	'02 01 42 83 17',	2,	'c302d11b-d5b8-310a-bbc5-9dd4400eb2c9'),
('b0458f20-e264-3ab4-8153-47268dd936bc',	'Delattre',	'Andrée',	'Moreno',	'Andre.Delattre@dbmail.com',	'+33 6 03 08 18 43',	2,	'c302d11b-d5b8-310a-bbc5-9dd4400eb2c9'),
('3688814f-1b08-313b-8287-18febcc544d6',	'Leleu',	'Josette',	'Moreno',	'Josette.Leleu@sfr.fr',	'+33 (0)1 48 67 86 03',	2,	'c302d11b-d5b8-310a-bbc5-9dd4400eb2c9'),
('b05657bc-ecf5-3a76-960a-c20e41af60a0',	'Vasseur',	'Corinne',	'Moreno',	'Corinne.Vasseur@sfr.fr',	'0977376152',	2,	'c302d11b-d5b8-310a-bbc5-9dd4400eb2c9'),
('2192c51f-1d1f-3d76-88ed-6a25abed0faf',	'Pelletier',	'Alexandrie',	'Moreno',	'Alexandrie.Pelletier@live.com',	'+33 (0)6 73 60 47 41',	2,	'c302d11b-d5b8-310a-bbc5-9dd4400eb2c9'),
('3dc3ed9e-b07e-3cb7-81c4-6607d11f20ca',	'Dufour',	'Thibaut',	'Lefevre',	'Thibaut.Dufour@club-internet.fr',	'01 70 44 52 00',	2,	'b636c1fd-c61c-306b-9d4f-25cf3bfd9f66'),
('a63afd36-5682-3ad1-971f-447c6fd45180',	'Denis',	'Adèle',	'Lefevre',	'Adle.Denis@laposte.net',	'+33 2 53 67 28 62',	2,	'b636c1fd-c61c-306b-9d4f-25cf3bfd9f66'),
('4d4680e8-b362-3ccc-93f0-69ba51d40e67',	'Foucher',	'Anne',	'Lefevre',	'Anne.Foucher@club-internet.fr',	'+33 5 53 70 29 91',	2,	'b636c1fd-c61c-306b-9d4f-25cf3bfd9f66'),
('da903aa3-21c2-3631-a08b-d8d054cccb48',	'David',	'Susanne',	'Lefevre',	'Susanne.David@hotmail.fr',	'+33 (0)1 52 84 03 11',	2,	'b636c1fd-c61c-306b-9d4f-25cf3bfd9f66'),
('c29223af-0dbe-3bba-8069-65743a4ae8b4',	'Faivre',	'Laure',	'Lefevre',	'Laure.Faivre@sfr.fr',	'+33 2 50 47 37 95',	2,	'b636c1fd-c61c-306b-9d4f-25cf3bfd9f66'),
('a960bb57-cf39-3636-9f6d-3ef52834ecfc',	'Parent',	'Marc',	'Lefevre',	'Marc.Parent@dbmail.com',	'08 92 01 83 29',	2,	'b636c1fd-c61c-306b-9d4f-25cf3bfd9f66'),
('f524d70d-0f02-3747-a6fb-8d6db043210e',	'Valette',	'René',	'Lefevre',	'Ren.Valette@orange.fr',	'0784754050',	2,	'b636c1fd-c61c-306b-9d4f-25cf3bfd9f66'),
('98cf3e54-0cb8-33f0-beae-2fad5ff62bdf',	'Le Gall',	'Michelle',	'Lefevre',	'Michelle.LeGall@free.fr',	'0293390604',	2,	'b636c1fd-c61c-306b-9d4f-25cf3bfd9f66'),
('794f6ea3-9801-334b-ba82-4ac71f70f6d2',	'Marechal',	'Inès',	'Bourdon-les-Bains',	'Ins.Marechal@wanadoo.fr',	'0469478837',	2,	'7db214d9-f415-3110-991b-ec5f9774b685'),
('e274a3f8-50b3-37c7-a061-333110a1560b',	'Imbert',	'Nicolas',	'Bourdon-les-Bains',	'Nicolas.Imbert@orange.fr',	'0947411224',	2,	'7db214d9-f415-3110-991b-ec5f9774b685'),
('7edb1b5e-eeaa-358e-84c5-1b66fc2fec2d',	'Thierry',	'Matthieu',	'Bourdon-les-Bains',	'Matthieu.Thierry@orange.fr',	'03 87 04 84 55',	2,	'7db214d9-f415-3110-991b-ec5f9774b685'),
('609bc828-4d34-3bb2-b527-93d80478d6b3',	'Gilbert',	'Adrien',	'Bourdon-les-Bains',	'Adrien.Gilbert@live.com',	'0897878909',	2,	'7db214d9-f415-3110-991b-ec5f9774b685'),
('341453e4-c122-3028-a712-af7ddad67975',	'Marin',	'Isaac',	'Bourdon-les-Bains',	'Isaac.Marin@live.com',	'0136647915',	2,	'7db214d9-f415-3110-991b-ec5f9774b685'),
('e3ba8e27-6ce8-38d8-bdbc-54c53259036f',	'Leduc',	'Caroline',	'Bourdon-les-Bains',	'Caroline.Leduc@noos.fr',	'04 17 24 73 44',	2,	'7db214d9-f415-3110-991b-ec5f9774b685'),
('fd23b913-b526-3b02-bf44-0dd2b25796bb',	'Langlois',	'Stéphanie',	'Bourdon-les-Bains',	'Stphanie.Langlois@tele2.fr',	'07 31 50 72 40',	2,	'7db214d9-f415-3110-991b-ec5f9774b685'),
('dfe8a45d-1122-361c-bf96-fffae0d385f2',	'Fournier',	'Bernard',	'Thierry-les-Bains',	'Bernard.Fournier@hotmail.fr',	'+33 8 02 69 97 34',	5,	'a51a0543-ee80-3515-81ab-2504ec194c09'),
('a7cc5d8f-360c-3334-a992-6e9008c07c47',	'Gautier',	'Adrien',	'Etienne',	'Adrien.Gautier@orange.fr',	'+33 (0)5 44 24 38 22',	5,	'a51a0543-ee80-3515-81ab-2504ec194c09'),
('e5f6cdd3-e9de-3c30-84b9-2d431c0d853f',	'Pelletier',	'Michelle',	'Boutin-les-Bains',	'Michelle.Pelletier@wanadoo.fr',	'01 57 96 73 69',	3,	'a51a0543-ee80-3515-81ab-2504ec194c09'),
('623b83ab-46b9-3cf3-8e04-3bb514cb059f',	'Lucas',	'Gilbert',	'Leconte-la-Forêt',	'Gilbert.Lucas@live.com',	'+33 (0)9 31 70 40 84',	1,	'a51a0543-ee80-3515-81ab-2504ec194c09'),
('7c57a60f-936a-3b48-884b-dd00fa4f3e0f',	'Perrier',	'Anouk',	'Bernard',	'Anouk.Perrier@dbmail.com',	'0929092296',	5,	'a51a0543-ee80-3515-81ab-2504ec194c09'),
('a5c30f27-6100-373f-b291-df93927b5899',	'Besson',	'Susan',	'Gillet-la-Forêt',	'Susan.Besson@sfr.fr',	'01 05 65 13 02',	1,	'fe6e7644-9e58-3b57-9734-f201766d4d75'),
('95b1d811-22c6-3c4e-94fb-69dc3bd0522a',	'Hamel',	'Paulette',	'BriandBourg',	'Paulette.Hamel@free.fr',	'0115534998',	2,	'fe6e7644-9e58-3b57-9734-f201766d4d75'),
('33448c5c-ba4f-366b-88f4-95aec59b982d',	'Leclerc',	'Louis',	'Francois',	'Louis.Leclerc@noos.fr',	'0653433149',	5,	'fe6e7644-9e58-3b57-9734-f201766d4d75'),
('c813bddb-147b-3579-820d-cd58b28adac0',	'Fabre',	'Anouk',	'Delmas',	'Anouk.Fabre@live.com',	'+33 (0)5 98 57 53 80',	4,	'fe6e7644-9e58-3b57-9734-f201766d4d75'),
('1d27091f-5a24-312c-a594-5102f5576306',	'Leleu',	'Isaac',	'CharpentierVille',	'Isaac.Leleu@tele2.fr',	'02 94 90 32 21',	4,	'fe6e7644-9e58-3b57-9734-f201766d4d75'),
('8fe808d9-6742-3942-acfc-b78e2dc0ead2',	'Renard',	'Philippe',	'Lombardnec',	'Philippe.Renard@free.fr',	'03 68 45 64 25',	5,	'fe6e7644-9e58-3b57-9734-f201766d4d75'),
('5670356f-5750-3222-aa82-a7309199fe59',	'Lefevre',	'Thierry',	'Aubertnec',	'Thierry.Lefevre@dbmail.com',	'+33 (0)8 99 88 16 51',	3,	'fe6e7644-9e58-3b57-9734-f201766d4d75'),
('bf5fdb24-f530-32a1-ba6c-3f09a6d25566',	'Boulay',	'Gilles',	'Grondin',	'Gilles.Boulay@live.com',	'+33 (0)1 07 18 13 70',	4,	'fe6e7644-9e58-3b57-9734-f201766d4d75'),
('c10622c7-ac83-38f5-939c-54a5ebcb7cb5',	'Texier',	'Dominique',	'Allain',	'Dominique.Texier@gmail.com',	'07 63 13 89 05',	2,	'9117850b-3116-3d4f-b346-1dfc23c26787'),
('2da9d1c6-a17c-31f2-95a7-4f2f191326dc',	'Fouquet',	'Benoît',	'Diallo',	'Benot.Fouquet@yahoo.fr',	'+33 (0)7 72 16 32 79',	3,	'9117850b-3116-3d4f-b346-1dfc23c26787'),
('ac91e524-3538-3a24-bda2-68a98288960e',	'Perrin',	'Gérard',	'Guyon',	'Grard.Perrin@free.fr',	'+33 1 59 86 51 70',	1,	'9117850b-3116-3d4f-b346-1dfc23c26787'),
('62097b60-2085-3619-a92b-a23add366c7b',	'Joseph',	'Odette',	'Daniel-sur-Berger',	'Odette.Joseph@club-internet.fr',	'+33 6 62 80 46 16',	3,	'9117850b-3116-3d4f-b346-1dfc23c26787'),
('2a197d2d-6eee-3875-8e02-feb17faf62a0',	'Laroche',	'Thibaut',	'Pruvost-sur-Pierre',	'Thibaut.Laroche@dbmail.com',	'01 44 39 87 82',	3,	'9117850b-3116-3d4f-b346-1dfc23c26787'),
('35b16c74-40ee-3fe5-bea2-b0f525b0f245',	'Petit',	'Marcelle',	'Bouvetnec',	'Marcelle.Petit@sfr.fr',	'+33 (0)6 32 21 15 75',	2,	'bee7989a-c204-3cf7-bbfc-42a9ce8456ea'),
('f09cf264-8826-35b7-bbf3-af6561f3ba8f',	'Lenoir',	'Geneviève',	'Maillet',	'Genevive.Lenoir@noos.fr',	'06 94 39 69 52',	2,	'bee7989a-c204-3cf7-bbfc-42a9ce8456ea'),
('f3485799-f91d-35ef-9f76-6a02a041fefa',	'Faivre',	'Vincent',	'Begue',	'Vincent.Faivre@gmail.com',	'07 59 38 94 56',	2,	'bee7989a-c204-3cf7-bbfc-42a9ce8456ea'),
('23923a6b-909a-38e8-a7fe-50745ef4ac0f',	'Garcia',	'Emmanuel',	'Deschampsboeuf',	'Emmanuel.Garcia@sfr.fr',	'0964992966',	3,	'bee7989a-c204-3cf7-bbfc-42a9ce8456ea'),
('66faac60-5e42-313f-9d88-f4e16ddce694',	'Gimenez',	'Lorraine',	'Humbert-la-Forêt',	'Lorraine.Gimenez@sfr.fr',	'+33 4 17 88 99 57',	2,	'bee7989a-c204-3cf7-bbfc-42a9ce8456ea'),
('4b1f7ae9-f6d4-3dc2-9869-45b1f2849c49',	'Dupuy',	'Victor',	'ChartierBourg',	'Victor.Dupuy@tele2.fr',	'0581938382',	4,	'bee7989a-c204-3cf7-bbfc-42a9ce8456ea'),
('512e3f2d-b40f-336a-8bda-2b871d72691d',	'Coulon',	'Odette',	'Fischer',	'Odette.Coulon@gmail.com',	'0948740257',	2,	'55ee31cb-9fb6-3513-b209-e2804d02c11e'),
('d79364b7-87e2-3ad2-894e-fce97f7a1d83',	'Delannoy',	'Patrick',	'Marion',	'Patrick.Delannoy@gmail.com',	'04 24 84 91 18',	2,	'55ee31cb-9fb6-3513-b209-e2804d02c11e'),
('581b1a86-e5ac-3f81-9a98-f87aa0fbf718',	'Fabre',	'David',	'Thierry-sur-Breton',	'David.Fabre@laposte.net',	'+33 (0)1 85 87 66 91',	5,	'55ee31cb-9fb6-3513-b209-e2804d02c11e'),
('2e1c1158-c565-3780-aeed-2845063e415c',	'Dias',	'Noël',	'Le Goff',	'Nol.Dias@free.fr',	'+33 1 38 22 72 90',	5,	'55ee31cb-9fb6-3513-b209-e2804d02c11e'),
('d6021537-72b7-3289-bfe7-efa9b4281b73',	'Bertrand',	'Gilbert',	'Langloisboeuf',	'Gilbert.Bertrand@club-internet.fr',	'0169855824',	2,	'55ee31cb-9fb6-3513-b209-e2804d02c11e'),
('1e67bfd0-fd1a-362a-be57-6b212c76cfb6',	'Didier',	'Édith',	'Gregoire-sur-Gautier',	'dith.Didier@club-internet.fr',	'09 55 59 50 47',	3,	'55ee31cb-9fb6-3513-b209-e2804d02c11e');

INSERT INTO "specialite" ("id", "libelle", "description") VALUES
(1,	'médecine générale',	'Médecine Générale'),
(2,	'Médecine du sport',	'Maladie et traumatismes de la pratique sportive'),
(3,	'pédiatrie',	'Maladies des enfants'),
(4,	'ophtalmologie',	'Maladies des yeux'),
(5,	'Dentiste',	'Bouche et dents');

INSERT INTO "type_groupement" ("id", "type_libelle", "type_description") VALUES
(1,	'Maison Médicale',	'Maison de santé groupant des praticiens de diverses spécialités'),
(2,	'Cabinet médical',	'Cabinet regroupant un ou plusieurs praticiens de santé de même spécialité'),
(3,	'secrétariat externalisé',	'service externalisé de gestion administrative ');

-- 2024-10-24 15:13:40.039431+00
